Memperbaiki Barang,Merakit Benda,Membongkar-Pasang Barang,Mengutak-atik Barang,Menganalisis Masalah,Mencari Solusi,Menghitung,Berfikir Logis,Menari,Bermusik,Menggambar,Menulis Cerita,Mengajar,Memberi Saran,Memahami Orang Lain,Membantu,Menjual Benda,Mengelola Acara,Memimpin Kelompok,Membujuk Orang,Mengikuti Aturan,Mengurutkan,Membereskan Barang,Menjalankan Rutin,Fakultas
0,1,1,1,1,1,0,1,0,0,0,0,0,0,0,1,0,0,0,0,1,1,0,0,Ilmu Teknik
1,1,1,1,1,0,1,1,0,1,0,1,1,1,1,1,0,0,0,0,1,1,1,0,Ilmu Ekonomi dan Bisnis
1,1,0,0,1,1,0,1,0,0,0,1,0,0,1,1,0,1,1,1,1,1,1,1,Ilmu Sosial dan Humaniora
0,1,1,1,0,1,1,1,1,1,0,0,1,1,1,1,0,1,1,1,1,1,0,1,Ilmu Profesi dan Ilmu Terapan
0,0,0,0,1,0,0,0,0,0,0,0,0,0,1,1,0,0,0,0,1,1,1,1,Ilmu Seni
0,0,0,0,1,1,0,1,0,0,0,1,0,1,1,1,0,1,0,0,1,0,0,1,Ilmu Sosial dan Humaniora
1,1,0,0,1,1,1,1,1,1,0,1,1,1,0,1,1,1,0,1,1,1,1,1,Ilmu Pendidikan
0,0,0,1,0,0,0,1,0,0,0,0,1,1,0,0,0,0,0,0,0,1,0,0,Ilmu Teknik
1,0,1,1,0,0,1,1,0,1,0,0,1,1,1,1,0,0,1,1,1,1,1,1,Ilmu Komputer dan Teknologi
0,1,0,0,1,1,1,1,0,0,1,0,1,1,1,1,1,0,1,0,1,1,1,1,Ilmu Seni
1,1,1,0,1,1,1,1,0,0,0,1,0,1,1,1,1,1,0,1,1,1,1,1,Ilmu Teknik
1,0,0,0,1,1,1,1,0,0,0,0,0,1,1,1,0,0,0,0,1,1,1,1,Ilmu Matematika dan IPA (MIPA)
0,0,0,0,1,1,1,1,1,0,1,0,1,0,1,1,0,1,1,0,1,1,1,1,Ilmu Matematika dan IPA (MIPA)
0,0,0,0,1,1,1,1,0,1,0,1,0,1,1,1,1,0,0,0,1,1,1,1,Ilmu Ekonomi dan Bisnis
0,0,0,0,0,0,0,1,0,0,0,1,1,1,1,1,0,1,1,1,1,1,1,1,Ilmu Ekonomi dan Bisnis
1,1,1,1,1,1,0,1,1,0,1,1,1,1,1,1,0,0,0,1,1,1,1,0,Ilmu Sosial dan Humaniora
1,1,1,1,1,1,0,1,0,1,1,0,1,1,1,0,1,1,0,1,1,0,1,1,Ilmu Ekonomi dan Bisnis
1,1,1,1,1,1,1,1,0,0,0,0,1,1,1,1,1,0,0,0,1,1,1,1,Ilmu Teknik
0,1,0,0,1,1,1,1,0,0,0,0,0,0,1,0,0,0,0,0,1,1,0,0,Ilmu Komputer dan Teknologi
0,1,1,1,1,1,1,1,1,1,1,0,1,1,1,1,0,1,1,1,1,1,1,0,Ilmu Komputer dan Teknologi
1,0,1,1,1,1,1,1,0,0,0,0,0,1,1,1,0,0,1,0,0,1,1,1,Ilmu Teknik
1,1,1,1,1,1,1,1,0,1,0,1,1,1,1,1,1,1,1,1,1,1,1,1,Ilmu Teknik
0,1,0,1,1,0,1,1,0,0,0,0,0,0,0,1,0,0,0,0,1,1,1,1,Ilmu Teknik
1,1,1,0,1,1,1,1,0,0,1,1,0,1,0,1,1,1,1,0,0,1,1,1,Ilmu Matematika dan IPA (MIPA)
1,1,1,1,0,0,1,1,0,0,0,0,1,1,1,1,0,1,1,1,1,0,1,1,Ilmu Matematika dan IPA (MIPA)
0,0,0,0,0,0,0,0,0,0,0,1,0,0,1,1,0,1,0,0,1,1,1,0,Ilmu Matematika dan IPA (MIPA)
0,0,1,1,0,0,0,0,1,0,0,1,1,0,0,1,0,0,0,0,1,1,1,1,Ilmu Matematika dan IPA (MIPA)
0,0,0,1,0,0,0,0,0,0,0,0,0,0,0,1,0,0,0,1,1,1,1,0,Ilmu Komputer dan Teknologi
0,0,0,0,1,1,1,1,1,0,0,1,1,1,1,1,0,0,0,1,1,1,1,0,Ilmu Matematika dan IPA (MIPA)
1,1,1,1,1,1,1,1,1,1,0,1,1,1,1,1,0,1,1,1,1,1,1,1,Ilmu Matematika dan IPA (MIPA)
1,1,0,0,1,1,1,1,0,0,0,0,1,1,1,1,0,0,0,1,0,1,1,1,Ilmu Matematika dan IPA (MIPA)
0,0,0,0,0,0,0,0,0,1,1,1,1,1,1,1,1,0,0,0,1,1,1,1,Ilmu Sastra dan Budaya
1,1,1,0,1,1,1,1,0,0,0,1,0,0,1,0,0,0,0,0,1,1,1,0,Ilmu Matematika dan IPA (MIPA)
0,1,0,0,1,1,1,1,0,0,0,0,0,1,1,1,0,0,0,0,1,1,1,1,Ilmu Matematika dan IPA (MIPA)
0,0,1,1,1,1,1,1,1,0,0,0,1,1,1,1,1,1,1,1,1,1,1,1,Ilmu Matematika dan IPA (MIPA)
0,1,1,1,0,0,0,0,0,0,0,0,0,1,0,1,0,0,0,0,1,1,1,1,Ilmu Seni
0,0,0,0,1,1,1,1,0,0,0,0,0,1,0,1,1,1,1,1,1,1,1,0,Ilmu Matematika dan IPA (MIPA)
1,1,1,1,1,1,0,1,0,1,0,0,1,1,1,1,1,0,0,1,1,1,1,0,Ilmu Matematika dan IPA (MIPA)
1,0,1,1,1,0,1,1,1,0,0,0,0,1,1,1,0,0,0,1,1,1,1,1,Ilmu Matematika dan IPA (MIPA)
1,0,1,1,1,1,1,1,0,0,0,1,1,1,1,1,0,0,1,1,1,1,1,1,Ilmu Matematika dan IPA (MIPA)
0,1,1,1,1,1,1,1,0,0,1,1,0,1,0,1,1,0,0,0,1,1,1,1,Ilmu Matematika dan IPA (MIPA)
0,0,0,0,0,0,0,0,0,0,0,0,0,0,0,1,0,0,0,0,0,0,0,0,Ilmu Matematika dan IPA (MIPA)
1,0,0,1,1,1,1,1,0,1,1,1,0,1,1,1,0,1,1,0,1,1,1,1,Ilmu Matematika dan IPA (MIPA)
1,1,1,0,0,0,1,1,1,0,0,0,1,1,1,1,1,1,1,1,1,1,1,1,Ilmu Matematika dan IPA (MIPA)
1,1,1,1,1,1,1,1,0,0,0,1,1,1,1,1,1,1,1,1,1,1,1,1,Ilmu Matematika dan IPA (MIPA)
1,1,1,1,1,1,1,1,0,1,1,1,1,1,1,1,0,1,1,1,1,1,1,1,Ilmu Matematika dan IPA (MIPA)
1,1,1,1,1,1,1,1,0,0,1,1,1,1,1,1,0,1,1,1,1,1,1,1,Ilmu Matematika dan IPA (MIPA)
1,1,1,1,1,0,1,0,0,0,0,0,0,1,1,1,0,0,1,0,1,1,1,1,Ilmu Matematika dan IPA (MIPA)
0,0,1,1,1,1,1,1,0,0,1,0,0,1,0,1,0,0,0,0,1,1,0,0,Ilmu Matematika dan IPA (MIPA)
1,0,0,0,1,1,1,1,0,0,0,0,0,1,1,1,1,0,0,1,1,1,1,1,Ilmu Matematika dan IPA (MIPA)
1,1,1,1,1,0,1,1,0,0,1,1,1,0,1,1,0,0,1,0,1,1,1,1,Ilmu Matematika dan IPA (MIPA)
0,0,0,0,1,1,1,1,0,0,0,1,0,0,1,1,0,1,0,0,1,1,1,1,Ilmu Matematika dan IPA (MIPA)
1,1,1,1,1,1,0,1,1,0,1,1,1,1,1,1,0,1,1,0,1,1,1,1,Ilmu Pendidikan
1,0,0,1,1,1,1,1,0,0,0,0,0,1,1,1,0,0,0,0,1,1,1,1,Ilmu Matematika dan IPA (MIPA)
0,1,1,1,1,0,0,1,0,0,0,1,1,1,1,1,1,0,0,1,1,1,1,1,Ilmu Matematika dan IPA (MIPA)
0,0,0,0,1,1,1,1,1,1,0,1,1,1,1,1,1,1,1,1,1,1,1,1,Ilmu Sosial dan Humaniora
1,0,0,1,1,1,0,1,0,0,0,0,0,1,1,1,0,0,1,1,1,1,1,1,Ilmu Komputer dan Teknologi
1,0,0,1,1,0,1,1,0,0,0,1,1,1,1,1,0,0,0,0,1,1,1,0,Ilmu Matematika dan IPA (MIPA)
0,1,0,1,0,0,0,1,0,0,0,0,0,1,0,1,1,1,1,0,0,0,1,1,Ilmu Teknik
0,1,0,1,0,1,1,1,1,0,0,1,1,1,1,1,1,0,0,0,1,0,1,1,Ilmu Teknik
0,1,1,1,0,0,0,1,1,0,0,0,0,1,0,1,1,0,0,0,1,0,0,0,Ilmu Teknik
1,1,1,1,1,1,1,1,0,0,0,1,1,1,1,1,1,1,1,1,1,1,0,1,Ilmu Teknik
0,0,1,1,0,0,0,1,0,1,0,0,1,1,1,1,1,1,1,1,1,0,0,0,Ilmu Teknik
1,1,1,1,1,1,0,1,0,0,0,0,1,1,1,1,1,1,1,0,1,0,0,1,Ilmu Teknik
1,0,1,1,0,1,0,1,0,0,0,0,0,1,0,1,1,0,0,1,1,0,1,1,Ilmu Teknik
0,0,1,1,1,1,0,1,0,0,0,0,0,1,1,1,0,0,0,0,0,1,0,0,Ilmu Komputer dan Teknologi
1,1,1,1,1,1,0,1,0,0,0,0,0,1,0,1,0,1,1,0,1,0,0,1,Ilmu Teknik
1,1,1,1,1,0,0,1,0,1,0,1,0,0,1,0,0,0,0,0,1,1,1,0,Ilmu Matematika dan IPA (MIPA)
0,0,0,0,1,0,0,1,0,1,1,0,1,1,1,1,0,0,1,0,0,0,1,0,Ilmu Kesehatan
1,1,1,1,1,0,1,1,0,0,1,0,1,1,0,1,0,0,0,0,1,1,1,0,Ilmu Komputer dan Teknologi
0,0,0,0,1,0,1,1,0,1,0,1,0,0,1,1,1,1,1,0,1,1,1,1,Ilmu Ekonomi dan Bisnis
1,0,1,1,1,1,1,1,0,0,0,0,0,1,0,1,0,0,0,0,1,1,0,1,Ilmu Teknik
1,0,0,1,1,1,0,1,1,0,0,1,1,1,1,1,0,1,1,0,1,1,1,0,Ilmu Komputer dan Teknologi
0,0,0,0,1,1,0,1,0,1,0,1,0,1,1,1,0,1,1,1,1,1,0,1,Ilmu Sosial dan Humaniora
1,1,1,0,1,1,1,1,0,0,1,0,0,1,1,1,0,1,1,0,1,1,1,1,Ilmu Teknik
1,1,1,1,1,1,1,1,0,1,0,0,1,1,1,1,0,1,1,1,1,1,0,1,Ilmu Matematika dan IPA (MIPA)
0,1,1,1,1,1,1,1,0,1,1,0,0,1,0,0,0,0,0,0,0,1,0,0,Ilmu Ekonomi dan Bisnis
1,0,1,0,1,1,0,1,0,0,1,1,1,1,1,1,1,0,1,1,1,1,1,1,Ilmu Sosial dan Humaniora
1,1,1,1,0,1,0,1,0,0,0,0,0,0,0,1,0,0,0,0,0,0,1,1,Ilmu Teknik
1,0,1,1,1,0,0,1,0,0,0,0,0,0,0,1,0,0,0,1,1,0,0,1,Ilmu Teknik
0,1,1,1,0,1,0,1,0,1,0,0,0,1,0,1,1,0,1,0,0,0,0,0,Ilmu Teknik
0,1,1,1,1,0,0,1,0,1,0,0,0,0,0,1,0,0,0,0,1,0,0,0,Ilmu Teknik
0,0,0,0,1,1,0,1,0,0,0,1,0,1,1,1,0,1,0,0,1,0,0,1,Ilmu Sosial dan Humaniora
1,0,0,1,1,1,1,1,0,0,0,1,1,1,1,1,1,0,1,1,1,1,1,1,Ilmu Ekonomi dan Bisnis
1,0,1,1,1,1,0,1,0,0,0,0,1,1,1,1,1,0,0,0,1,1,0,0,Ilmu Komputer dan Teknologi
0,0,0,1,1,0,1,1,0,1,0,1,1,1,0,1,1,0,1,1,1,1,1,1,Ilmu Ekonomi dan Bisnis
0,0,0,1,1,1,0,1,0,0,0,0,1,1,1,1,1,1,1,1,1,1,1,1,Ilmu Komputer dan Teknologi
1,0,1,1,1,1,1,1,0,1,1,0,1,1,1,1,1,1,1,1,1,1,1,1,Ilmu Komputer dan Teknologi
0,1,1,1,1,1,1,1,0,1,0,0,1,1,1,1,0,0,1,1,1,1,1,1,Ilmu Komputer dan Teknologi
1,1,1,1,1,0,1,1,0,0,0,0,0,0,0,1,1,1,1,0,0,0,1,0,Ilmu Komputer dan Teknologi
0,0,0,0,1,1,1,1,0,0,0,1,1,1,1,1,0,1,1,1,1,1,1,1,Ilmu Pendidikan
0,0,0,0,1,0,0,0,1,1,0,0,1,0,0,1,0,0,0,0,1,0,0,1,Ilmu Olahraga
0,0,0,0,1,1,1,1,1,1,1,1,1,1,1,1,0,1,1,1,1,1,1,0,Ilmu Pendidikan
0,1,1,1,1,0,1,1,1,0,0,1,1,1,1,1,0,0,0,1,1,1,1,0,Ilmu Pendidikan
1,1,1,1,1,1,1,1,1,0,0,0,1,0,1,1,1,0,0,1,1,0,1,0,Ilmu Pendidikan
1,1,1,1,1,1,1,1,1,1,1,1,1,1,1,1,1,1,1,1,1,1,1,1,Ilmu Komputer dan Teknologi
1,1,1,1,1,1,1,1,1,0,0,0,1,1,1,1,1,1,1,1,1,1,1,1,Ilmu Pendidikan
1,1,1,1,1,1,1,1,0,1,0,0,1,1,0,1,0,1,0,1,0,1,0,1,Ilmu Pendidikan
1,1,0,0,1,1,1,1,0,0,1,1,1,1,1,1,0,1,1,1,1,1,1,1,Ilmu Sastra dan Budaya
1,0,0,1,0,0,0,1,1,0,1,0,0,1,0,1,1,1,1,0,1,1,1,1,Ilmu Komputer dan Teknologi
0,1,1,1,0,0,1,0,1,1,1,1,1,1,0,1,1,0,0,1,1,1,1,1,Ilmu Ekonomi dan Bisnis
0,1,0,1,0,0,1,1,1,1,1,1,1,1,0,1,1,0,0,0,1,1,1,1,Ilmu Ekonomi dan Bisnis
0,0,1,1,0,1,1,1,0,0,0,0,1,0,1,1,0,0,0,0,1,1,0,0,Ilmu Matematika dan IPA (MIPA)
1,0,1,1,0,1,1,1,1,1,1,1,1,0,1,1,0,1,0,0,1,1,1,1,Ilmu Pendidikan
0,0,0,1,0,0,1,1,1,0,0,0,0,1,0,1,0,0,0,0,0,1,1,1,Ilmu Pendidikan
0,0,0,0,1,1,0,1,1,1,1,1,1,1,0,1,0,1,1,0,1,1,1,1,Ilmu Pendidikan
1,1,1,1,1,1,0,1,1,1,0,1,1,1,1,1,1,1,0,1,1,1,1,1,Ilmu Sastra dan Budaya
1,0,1,1,1,0,1,1,1,0,1,1,1,1,0,1,0,0,1,0,0,1,1,0,Ilmu Pendidikan
0,0,1,0,1,1,1,1,1,0,1,1,1,1,1,1,1,1,1,1,1,1,1,1,Ilmu Pendidikan
1,0,0,0,0,0,1,0,0,0,1,0,1,0,0,1,0,0,0,1,1,1,1,1,Ilmu Pendidikan
0,0,0,0,1,1,0,1,1,0,1,1,0,1,0,0,0,1,0,0,0,1,1,1,Ilmu Pendidikan
1,1,1,1,1,1,1,1,0,0,0,1,0,1,0,1,0,1,1,1,1,1,1,1,Ilmu Komputer dan Teknologi
1,0,1,1,0,1,1,1,0,1,0,0,0,1,0,1,1,0,1,1,1,1,0,1,Ilmu Komputer dan Teknologi
0,0,1,1,1,0,1,1,1,1,1,1,1,1,1,1,1,0,1,1,1,1,1,1,Ilmu Pendidikan
1,0,0,0,0,0,1,1,0,0,0,0,0,0,0,1,0,0,0,0,0,0,1,1,Ilmu Pertanian
0,1,1,1,1,1,1,1,0,0,0,1,1,0,0,1,1,0,0,0,1,1,1,0,Ilmu Komputer dan Teknologi
1,1,1,0,1,1,1,1,0,0,0,0,0,0,0,1,0,0,1,0,1,0,0,1,Ilmu Teknik
1,1,1,0,1,0,1,1,0,0,0,0,1,1,0,1,0,1,0,0,1,1,1,0,Ilmu Pendidikan
0,0,1,1,0,0,0,0,0,0,0,0,0,1,0,1,0,0,0,0,0,1,1,1,Ilmu Pendidikan
0,1,0,1,1,1,1,1,0,0,1,0,1,0,1,0,1,0,1,0,1,0,1,0,Ilmu Komputer dan Teknologi
0,1,0,1,1,1,1,0,1,0,1,0,1,1,0,1,0,1,0,1,0,1,0,1,Ilmu Komputer dan Teknologi
0,1,0,1,1,1,1,1,0,0,1,1,0,1,0,1,1,0,1,0,1,0,1,0,Ilmu Komputer dan Teknologi
0,1,0,1,1,1,0,0,1,1,1,0,1,0,0,0,1,0,1,0,1,0,1,0,Ilmu Komputer dan Teknologi
1,1,0,1,1,1,1,1,1,0,0,1,1,0,1,0,0,0,0,1,0,1,1,1,Ilmu Komputer dan Teknologi
1,1,1,1,1,1,1,0,0,0,0,0,0,0,0,0,0,0,0,0,0,0,0,1,Ilmu Komputer dan Teknologi
0,1,0,1,1,1,0,0,0,1,0,0,0,1,0,0,1,0,0,1,0,0,0,0,Ilmu Komputer dan Teknologi
0,1,0,1,1,1,0,0,1,0,1,0,0,0,0,0,0,0,0,0,1,0,0,1,Ilmu Komputer dan Teknologi
0,1,0,1,1,1,1,0,0,1,0,0,0,0,0,1,0,1,0,1,0,1,0,0,Ilmu Komputer dan Teknologi
0,1,0,1,1,1,0,0,0,0,0,1,0,1,0,1,0,1,0,1,0,1,0,0,Ilmu Komputer dan Teknologi
0,1,0,1,1,1,1,0,0,0,0,1,0,0,0,0,0,0,1,0,0,1,0,1,Ilmu Komputer dan Teknologi
0,1,0,1,1,1,0,0,0,0,0,0,0,0,0,0,0,1,0,0,1,0,0,0,Ilmu Komputer dan Teknologi
0,1,0,1,1,1,0,0,0,0,0,1,0,0,0,0,1,0,0,1,0,1,0,0,Ilmu Komputer dan Teknologi
0,1,0,1,1,1,0,0,1,0,0,0,0,1,0,0,0,1,0,0,0,0,1,0,Ilmu Komputer dan Teknologi
0,1,0,1,1,1,0,0,0,1,0,0,0,1,0,0,0,0,0,1,0,0,0,0,Ilmu Komputer dan Teknologi
0,1,0,1,1,1,1,0,0,0,0,0,0,0,1,0,0,0,0,0,1,0,0,1,Ilmu Komputer dan Teknologi
0,1,0,1,1,1,0,0,0,0,0,0,0,0,0,0,0,0,0,0,1,0,1,0,Ilmu Komputer dan Teknologi
0,1,0,1,1,1,0,0,0,0,0,0,0,1,0,1,0,0,0,0,0,0,0,0,Ilmu Komputer dan Teknologi
1,1,1,1,1,1,0,0,0,0,0,0,0,0,0,0,0,0,0,0,0,0,0,0,Ilmu Komputer dan Teknologi
0,1,0,1,1,1,0,0,0,0,0,0,0,0,0,0,0,0,0,0,0,0,0,0,Ilmu Komputer dan Teknologi
0,1,1,1,1,1,0,0,0,0,1,0,0,0,0,0,0,0,1,0,0,0,0,0,Ilmu Komputer dan Teknologi
0,1,1,1,1,1,0,0,0,0,0,1,0,0,0,0,0,0,1,0,0,0,0,0,Ilmu Komputer dan Teknologi
1,1,1,1,1,1,1,0,0,0,0,0,0,0,0,0,0,0,0,0,0,0,0,0,Ilmu Komputer dan Teknologi
0,1,0,1,1,1,1,0,0,0,0,0,0,0,0,1,0,0,0,0,0,0,0,0,Ilmu Komputer dan Teknologi
1,1,1,1,1,1,0,0,0,0,0,0,0,0,0,0,0,0,0,0,0,0,0,0,Ilmu Komputer dan Teknologi
1,1,1,1,1,1,0,0,0,0,0,0,0,0,0,0,0,0,0,0,0,0,0,0,Ilmu Komputer dan Teknologi
1,1,1,1,1,1,0,0,0,0,0,0,0,0,0,0,0,0,0,0,0,0,0,0,Ilmu Komputer dan Teknologi
1,1,1,1,1,1,1,0,0,0,0,0,0,0,0,0,0,0,0,0,0,0,0,0,Ilmu Komputer dan Teknologi
1,1,1,1,1,1,0,0,0,0,0,0,0,0,0,0,0,0,0,0,0,0,0,1,Ilmu Komputer dan Teknologi
1,1,1,1,1,1,1,0,0,0,0,0,0,0,0,0,0,1,0,0,0,0,0,0,Ilmu Komputer dan Teknologi
0,0,0,0,0,1,1,0,0,0,0,0,1,0,0,0,0,0,1,0,0,0,0,0,Ilmu Matematika dan IPA (MIPA)
0,0,0,0,1,1,1,0,0,0,0,0,1,0,0,0,0,0,1,0,0,0,0,0,Ilmu Matematika dan IPA (MIPA)
0,0,1,0,0,1,1,0,0,0,0,0,1,0,0,0,0,0,1,0,0,0,0,0,Ilmu Matematika dan IPA (MIPA)
0,0,0,0,0,1,1,0,0,0,0,0,1,0,1,0,0,0,1,0,0,1,0,0,Ilmu Matematika dan IPA (MIPA)
0,0,0,0,0,1,1,0,0,0,0,0,1,0,1,0,0,0,1,0,0,0,0,0,Ilmu Matematika dan IPA (MIPA)
0,0,0,0,0,1,1,0,0,0,0,0,1,0,0,0,0,0,1,0,0,0,0,0,Ilmu Matematika dan IPA (MIPA)
0,0,0,0,0,1,0,0,0,0,0,0,1,0,0,0,0,0,1,0,0,0,0,0,Ilmu Matematika dan IPA (MIPA)
0,0,0,0,0,1,1,0,0,0,0,0,1,0,0,0,0,0,1,0,0,0,1,0,Ilmu Matematika dan IPA (MIPA)
0,0,0,0,0,1,1,0,0,0,0,1,1,0,0,0,0,0,1,0,0,0,0,0,Ilmu Matematika dan IPA (MIPA)
0,0,0,0,0,1,1,0,1,0,0,0,1,0,0,0,0,0,1,1,0,0,0,0,Ilmu Matematika dan IPA (MIPA)
1,0,0,0,0,1,1,0,0,0,0,0,1,0,0,0,0,1,1,1,0,0,0,0,Ilmu Matematika dan IPA (MIPA)
1,1,0,0,0,1,1,0,0,0,0,0,1,0,0,0,0,0,1,0,0,0,0,0,Ilmu Matematika dan IPA (MIPA)
1,0,0,0,0,1,1,0,0,0,0,0,1,0,1,0,0,0,1,0,0,0,0,0,Ilmu Matematika dan IPA (MIPA)
0,1,0,0,0,1,1,0,0,0,0,0,1,0,0,0,0,0,1,0,0,0,0,0,Ilmu Matematika dan IPA (MIPA)
0,0,0,0,1,1,1,0,0,0,0,1,1,0,0,0,0,0,1,0,0,0,0,0,Ilmu Matematika dan IPA (MIPA)
1,1,1,1,1,1,1,1,0,0,0,0,1,0,0,0,0,0,1,0,0,0,0,0,Ilmu Matematika dan IPA (MIPA)
1,0,0,0,1,1,0,1,1,0,0,1,1,1,1,1,1,1,1,1,1,1,1,1,Ilmu Pendidikan
0,0,0,1,1,1,0,1,0,1,1,1,1,1,1,1,0,1,1,0,1,1,0,1,Ilmu Pendidikan
0,0,0,0,0,0,1,1,1,0,0,1,1,1,1,1,1,1,1,1,1,1,1,1,Ilmu Ekonomi dan Bisnis
0,0,1,1,0,1,0,1,0,0,0,0,1,1,0,1,0,0,0,0,1,1,1,1,Ilmu Pendidikan
1,0,0,1,1,1,0,1,0,0,1,1,0,1,0,1,1,1,0,0,1,1,1,1,Ilmu Ekonomi dan Bisnis
0,1,1,1,0,0,0,0,0,0,1,1,0,0,1,1,1,0,0,1,0,1,0,1,Ilmu Kesehatan
0,0,0,0,0,0,0,0,1,1,0,0,1,0,1,0,0,0,1,0,0,0,0,1,Ilmu Olahraga
0,0,0,0,0,0,0,0,1,1,0,0,1,0,1,0,0,0,1,0,0,0,0,1,Ilmu Olahraga
0,0,0,0,0,0,0,0,1,1,0,0,1,0,1,0,0,1,0,0,0,0,0,1,Ilmu Olahraga
0,0,0,0,0,0,0,0,1,1,0,0,1,0,1,0,0,1,0,0,1,0,0,1,Ilmu Olahraga
0,0,0,0,0,0,0,0,1,1,0,0,1,0,1,0,0,1,0,0,0,0,0,1,Ilmu Olahraga
0,0,0,0,0,0,0,0,1,1,0,0,1,0,1,0,0,1,1,0,0,0,0,1,Ilmu Olahraga
0,0,0,0,0,0,0,0,1,1,0,0,1,0,1,0,0,1,1,0,0,0,0,1,Ilmu Olahraga
0,0,0,0,0,0,0,0,1,1,0,0,1,0,1,0,0,1,1,0,0,0,0,1,Ilmu Olahraga
0,0,0,0,0,0,0,0,1,1,0,0,1,0,1,0,0,1,1,0,0,1,0,1,Ilmu Olahraga
0,0,0,0,0,0,0,0,1,1,0,0,1,0,1,0,0,0,1,0,0,1,0,1,Ilmu Olahraga
0,0,0,0,0,0,0,0,1,1,0,0,1,0,1,0,0,1,1,0,0,0,0,1,Ilmu Olahraga
0,0,0,0,0,0,0,0,1,1,0,0,1,0,1,0,0,1,1,0,0,0,0,1,Ilmu Olahraga
0,0,0,0,0,0,0,0,1,1,0,0,1,0,1,0,0,1,1,0,0,0,1,1,Ilmu Olahraga
0,0,0,0,0,0,0,0,1,1,0,0,1,0,1,0,0,1,1,0,0,0,0,1,Ilmu Olahraga
0,0,0,0,0,0,0,0,1,1,0,0,1,0,1,0,0,1,1,0,0,0,0,1,Ilmu Olahraga
0,0,0,0,0,0,0,0,1,1,0,0,1,0,1,0,0,0,1,0,1,0,0,1,Ilmu Olahraga
0,0,0,0,0,0,0,0,1,1,0,0,1,0,1,0,0,0,1,0,1,0,0,1,Ilmu Olahraga
0,0,0,0,0,0,0,0,1,1,0,0,1,0,1,0,0,0,1,0,0,0,0,1,Ilmu Olahraga
0,0,0,0,0,0,0,0,1,1,0,0,1,0,1,0,0,0,1,0,0,0,0,1,Ilmu Olahraga
0,0,0,0,0,0,0,0,1,1,0,0,1,0,1,0,0,0,1,0,0,0,0,1,Ilmu Olahraga
0,0,0,0,0,0,0,0,1,1,0,0,1,0,1,0,0,0,1,0,0,0,1,1,Ilmu Olahraga
0,0,0,0,0,0,0,0,1,1,0,0,1,0,1,0,0,0,1,0,0,0,0,1,Ilmu Olahraga
0,0,0,0,0,0,0,0,1,1,0,0,1,0,1,0,0,0,1,0,0,0,0,1,Ilmu Olahraga
0,0,0,0,0,0,0,0,1,1,0,0,1,0,1,0,0,0,1,0,0,0,0,1,Ilmu Olahraga
0,0,0,0,0,0,0,0,1,1,0,0,1,0,1,0,0,0,0,0,0,0,0,1,Ilmu Olahraga
0,0,0,0,0,0,0,0,1,1,0,0,1,0,1,0,0,0,0,0,0,0,0,1,Ilmu Olahraga
0,0,0,0,0,0,0,0,1,1,0,0,1,0,1,0,0,0,0,0,0,0,0,1,Ilmu Olahraga
0,0,0,0,0,0,0,0,1,1,0,0,1,0,1,0,0,0,0,0,1,0,0,1,Ilmu Olahraga
0,0,0,0,0,0,0,0,1,1,0,0,1,0,1,0,0,0,0,0,0,0,0,1,Ilmu Olahraga
0,0,0,0,0,0,0,0,1,1,0,0,1,0,1,0,0,0,0,0,0,0,0,1,Ilmu Olahraga
0,0,0,0,0,0,0,0,1,1,0,0,1,0,1,0,0,0,0,0,0,0,0,1,Ilmu Olahraga
0,0,0,0,0,0,0,0,1,1,0,0,1,0,1,0,0,0,0,0,1,0,0,1,Ilmu Olahraga
0,0,0,0,0,0,0,0,1,1,0,0,1,0,1,0,0,0,0,0,0,0,0,1,Ilmu Olahraga
0,0,0,0,0,0,0,0,1,1,0,0,1,0,1,0,0,0,0,0,0,0,0,1,Ilmu Olahraga
0,0,0,0,0,0,0,0,1,1,0,0,1,0,1,0,0,0,0,0,0,0,0,1,Ilmu Olahraga
0,0,0,0,0,0,0,0,1,1,0,0,1,0,1,0,0,0,1,0,0,0,0,1,Ilmu Olahraga
0,0,0,0,0,0,0,0,1,1,0,0,1,0,1,0,0,0,1,0,0,0,0,1,Ilmu Olahraga
0,0,0,0,0,0,0,0,1,1,0,0,1,0,1,0,0,0,1,0,0,0,0,1,Ilmu Olahraga
0,0,0,0,0,0,0,0,1,1,0,0,1,0,1,0,0,0,1,0,0,0,0,1,Ilmu Olahraga
0,0,0,0,0,0,0,0,1,1,0,0,1,0,1,0,0,0,1,0,0,0,0,1,Ilmu Olahraga
0,0,0,0,0,0,0,0,1,1,0,0,1,0,1,0,0,0,1,0,0,0,0,1,Ilmu Olahraga
0,0,0,0,0,0,0,0,1,1,0,0,1,0,1,0,0,0,1,0,0,0,0,1,Ilmu Olahraga
0,0,0,0,0,0,0,0,1,1,0,0,1,0,1,0,0,0,1,0,0,0,0,1,Ilmu Olahraga
0,0,0,0,0,0,0,0,1,1,0,0,1,0,1,0,0,0,1,0,0,0,0,1,Ilmu Olahraga
0,0,0,0,0,0,0,0,1,1,0,0,1,0,0,0,0,0,1,0,0,1,0,1,Ilmu Olahraga
0,0,0,0,0,0,0,0,1,1,0,0,1,0,1,0,0,1,1,0,0,0,0,1,Ilmu Olahraga
0,0,0,0,0,0,0,0,1,1,0,0,1,0,0,0,0,1,1,0,0,0,0,1,Ilmu Olahraga
0,0,0,0,0,0,0,0,1,1,0,0,1,0,1,0,0,0,1,1,0,1,0,1,Ilmu Olahraga
0,0,0,0,0,0,0,0,1,1,0,0,1,0,1,0,0,0,1,0,0,0,0,1,Ilmu Olahraga
1,1,1,1,1,1,1,1,1,1,1,1,1,1,1,1,1,1,1,1,1,1,1,1,Ilmu Teknik
1,1,1,1,1,1,1,1,1,1,1,1,1,1,1,1,1,1,1,1,1,1,1,1,Ilmu Teknik
1,0,1,1,0,0,0,1,0,1,0,1,1,1,1,1,0,0,0,0,0,1,1,1,Ilmu Teknik
0,0,0,1,1,1,1,1,0,0,0,0,0,0,0,0,0,0,0,1,0,0,1,0,Ilmu Teknik
0,0,0,0,0,0,1,0,0,0,0,0,1,1,1,1,0,0,0,0,0,0,0,0,Ilmu Pendidikan
0,0,0,0,0,0,1,1,0,0,0,0,1,1,1,1,0,0,0,0,0,0,0,0,Ilmu Pendidikan
0,0,0,0,1,1,0,1,1,1,0,1,1,1,1,1,1,1,1,1,1,1,1,1,Ilmu Teknik
0,0,0,0,0,0,1,1,0,0,0,0,1,1,1,1,0,0,0,0,0,0,0,0,Ilmu Pendidikan
0,0,0,0,0,0,1,1,0,0,0,0,1,1,1,1,0,0,0,0,0,0,0,0,Ilmu Pendidikan
0,0,0,0,0,0,1,1,0,0,0,0,1,1,1,1,0,0,0,0,0,0,0,0,Ilmu Pendidikan
0,0,0,0,0,0,1,1,0,0,0,0,1,1,1,1,0,0,0,0,0,0,0,0,Ilmu Pendidikan
0,0,0,0,0,0,1,1,0,0,0,0,1,1,1,1,0,0,0,0,0,0,0,0,Ilmu Pendidikan
0,0,0,0,0,0,1,1,0,0,0,0,1,1,1,1,0,0,0,1,0,0,0,0,Ilmu Pendidikan
0,0,0,0,0,0,1,1,0,0,0,0,1,1,1,1,0,0,0,1,0,0,0,0,Ilmu Pendidikan
1,1,1,1,1,1,1,1,1,1,1,1,1,1,1,1,1,1,1,1,1,1,1,1,Ilmu Teknik
0,0,0,0,1,1,1,1,0,0,0,1,0,1,0,1,1,1,0,0,1,1,1,1,Ilmu Teknik
0,0,0,0,0,0,1,1,0,0,0,0,1,1,1,1,0,0,0,1,0,0,0,0,Ilmu Pendidikan
0,0,0,0,0,0,1,1,0,0,0,0,1,1,1,1,0,0,0,1,0,0,0,0,Ilmu Pendidikan
0,0,0,0,0,0,1,1,0,0,0,0,1,1,1,1,0,0,0,1,0,0,0,0,Ilmu Pendidikan
0,0,0,0,0,0,1,1,0,0,0,0,1,1,1,1,0,0,0,1,0,0,0,0,Ilmu Pendidikan
0,0,0,0,0,0,1,1,0,0,0,0,1,1,1,1,0,0,0,1,0,0,1,0,Ilmu Pendidikan
0,0,0,0,0,1,1,1,0,0,0,0,1,1,1,1,0,0,0,1,0,0,0,0,Ilmu Pendidikan
0,0,0,0,0,1,1,1,0,0,0,0,1,1,1,1,0,0,0,1,0,0,0,0,Ilmu Pendidikan
0,0,0,0,0,0,1,1,0,0,0,1,1,1,1,1,0,0,0,1,0,0,0,0,Ilmu Pendidikan
0,0,0,0,1,1,0,0,0,0,0,0,1,1,1,1,0,0,1,1,0,0,0,0,Ilmu Pendidikan
0,0,0,0,0,1,1,1,0,0,0,0,1,1,1,1,0,1,0,1,0,0,0,0,Ilmu Pendidikan
0,0,0,0,1,1,1,1,0,0,0,0,1,1,1,1,0,0,0,1,0,0,0,0,Ilmu Pendidikan
0,0,0,0,0,0,0,0,0,0,0,0,1,1,1,1,0,0,0,1,0,0,0,0,Ilmu Pendidikan
0,0,0,0,1,1,1,1,0,0,0,0,1,1,1,1,0,0,0,0,0,0,0,0,Ilmu Pendidikan
0,0,0,0,0,1,1,1,0,0,0,0,1,1,1,1,0,0,0,1,0,0,0,0,Ilmu Pendidikan
0,0,0,0,1,1,1,1,0,0,0,0,1,1,1,1,0,0,0,0,0,0,0,0,Ilmu Pendidikan
0,0,0,0,0,0,0,0,0,0,0,0,1,1,1,1,0,0,0,0,0,0,0,0,Ilmu Pendidikan
0,0,0,0,1,1,1,1,0,0,0,0,1,1,1,1,0,0,0,0,0,0,0,0,Ilmu Pendidikan
0,0,0,0,0,0,0,0,0,0,0,0,1,1,1,1,0,0,0,1,0,0,0,0,Ilmu Pendidikan
0,0,0,0,1,1,1,1,0,0,0,0,1,1,0,0,1,1,0,0,0,0,0,0,Ilmu Pendidikan
0,0,0,0,0,0,1,1,0,0,0,0,1,1,1,1,0,0,0,0,0,0,0,0,Ilmu Pendidikan
1,1,1,1,1,1,1,1,1,1,1,1,1,1,1,1,0,0,0,1,1,1,1,1,Ilmu Teknik
1,0,0,0,0,1,1,1,0,0,1,1,1,1,0,1,1,1,0,0,1,1,1,1,Ilmu Teknik
0,0,0,1,0,0,0,0,0,0,0,0,0,1,1,1,0,0,0,0,1,1,1,0,Ilmu Teknik
1,1,1,1,1,1,0,0,0,0,1,0,0,0,0,1,0,0,0,1,1,1,1,0,Ilmu Teknik
0,0,1,0,0,0,0,1,0,0,1,1,1,1,1,1,0,0,0,1,1,1,1,0,Ilmu Teknik
1,1,1,1,1,1,1,1,1,1,1,1,1,1,1,1,1,1,1,1,1,1,1,1,Ilmu Teknik
0,0,0,0,0,0,0,1,0,0,1,1,1,0,1,0,0,0,1,0,0,0,0,0,Ilmu Sastra dan Budaya
0,0,0,0,1,0,0,0,0,0,1,1,1,0,1,0,0,0,0,0,0,1,0,0,Ilmu Sastra dan Budaya
0,0,0,0,1,0,0,1,0,0,1,1,1,0,1,0,0,0,0,0,0,0,0,0,Ilmu Sastra dan Budaya
0,0,0,0,0,0,0,0,0,0,1,1,1,0,1,1,0,0,0,0,0,0,0,0,Ilmu Sastra dan Budaya
0,0,0,0,1,0,0,1,0,0,1,1,1,0,1,0,0,0,0,0,0,0,0,0,Ilmu Sastra dan Budaya
0,0,0,0,0,1,0,1,0,0,0,1,1,0,1,0,0,0,0,0,0,0,0,0,Ilmu Sastra dan Budaya
0,0,0,0,0,0,1,1,0,0,1,1,1,0,1,0,0,0,0,0,0,0,0,0,Ilmu Sastra dan Budaya
0,0,0,0,0,0,0,1,0,0,1,1,1,0,1,0,0,0,0,0,0,0,0,0,Ilmu Sastra dan Budaya
1,1,1,1,1,1,1,1,0,1,0,1,1,1,0,1,1,1,1,1,0,1,1,0,Ilmu Sosial dan Humaniora
1,1,1,1,1,1,1,1,0,0,0,0,0,0,0,1,0,0,0,0,0,0,0,0,Ilmu Teknik
1,1,1,1,1,0,1,0,0,0,0,0,0,0,0,1,0,0,0,0,1,0,0,0,Ilmu Teknik
1,1,1,1,1,1,1,0,0,0,0,0,0,0,0,0,0,0,0,0,0,0,0,0,Ilmu Teknik
1,1,1,1,1,1,0,1,0,0,0,0,0,0,0,1,0,0,0,0,0,0,0,0,Ilmu Teknik
1,1,1,1,1,1,0,1,0,0,0,0,0,1,0,1,0,0,0,0,0,0,0,0,Ilmu Teknik
1,1,1,1,1,0,1,0,0,0,0,0,0,0,0,1,0,0,0,0,1,0,0,0,Ilmu Teknik
1,1,1,1,1,0,1,0,0,0,0,0,0,0,0,0,0,0,0,0,0,0,0,0,Ilmu Teknik
1,1,1,1,1,0,0,1,0,0,0,0,0,0,0,1,0,0,1,0,0,0,0,0,Ilmu Teknik
1,1,1,1,1,0,0,1,0,0,0,0,0,0,0,0,0,0,0,0,1,0,0,0,Ilmu Teknik
1,1,1,1,1,1,0,0,0,0,0,0,0,0,0,1,0,0,0,0,1,0,0,0,Ilmu Teknik
1,1,1,1,1,0,1,0,0,0,0,0,0,0,0,0,0,0,0,0,0,0,0,0,Ilmu Teknik
1,1,1,1,1,1,0,1,0,0,0,0,0,1,0,0,0,0,1,0,0,0,0,0,Ilmu Teknik
1,1,1,1,1,1,1,1,1,1,1,1,1,1,1,1,1,1,1,1,1,1,1,1,Ilmu Teknik
1,1,1,1,1,1,1,1,1,1,1,1,1,1,1,1,1,1,1,1,1,1,1,1,Ilmu Teknik
1,1,1,1,1,1,1,1,1,1,1,1,1,1,1,1,1,1,1,1,1,1,1,1,Ilmu Teknik
0,0,0,0,0,0,1,0,0,0,1,1,1,0,1,1,0,0,0,0,0,0,0,0,Ilmu Sastra dan Budaya
0,0,0,0,0,1,0,1,0,0,1,1,1,0,1,0,0,0,0,1,0,0,0,0,Ilmu Sastra dan Budaya
1,0,0,0,1,1,0,1,0,0,1,1,1,1,1,0,0,0,0,0,0,0,0,0,Ilmu Sastra dan Budaya
0,0,0,0,0,1,0,1,0,0,1,1,1,0,1,0,0,0,0,0,0,0,0,0,Ilmu Sastra dan Budaya
0,0,0,0,1,0,0,1,0,0,1,1,1,0,1,0,0,0,0,0,0,0,0,0,Ilmu Sastra dan Budaya
0,0,0,0,0,1,0,0,0,0,1,1,1,0,1,0,0,0,0,0,0,0,0,0,Ilmu Sastra dan Budaya
0,0,0,0,1,0,0,1,0,0,1,1,1,1,1,0,0,0,0,0,0,0,0,1,Ilmu Sastra dan Budaya
0,0,0,0,1,1,0,1,0,0,1,1,1,0,1,0,0,0,0,0,0,0,0,0,Ilmu Sastra dan Budaya
0,0,0,0,0,1,1,1,0,0,1,1,1,0,1,0,0,0,0,0,0,0,0,0,Ilmu Sastra dan Budaya
0,0,0,0,0,0,1,1,0,0,1,1,1,0,1,0,0,0,0,0,0,0,0,0,Ilmu Sastra dan Budaya
0,0,0,0,0,1,1,0,0,0,1,1,1,0,1,0,0,0,0,0,0,0,0,0,Ilmu Sastra dan Budaya
0,0,0,0,0,1,0,1,0,0,1,1,1,0,1,0,0,0,0,1,0,0,0,0,Ilmu Sastra dan Budaya
0,0,0,1,1,1,1,1,0,1,0,1,1,1,1,1,1,1,1,1,1,1,1,1,Ilmu Komputer dan Teknologi
1,0,0,0,0,0,0,0,0,0,1,1,1,0,1,0,0,0,0,0,0,0,0,1,Ilmu Sastra dan Budaya
0,0,1,0,0,0,1,1,1,0,1,1,1,0,1,1,0,0,0,0,0,0,0,0,Ilmu Sastra dan Budaya
0,0,1,0,0,0,1,0,0,0,1,1,1,0,1,0,0,0,0,0,0,0,0,0,Ilmu Sastra dan Budaya
0,0,0,0,0,0,1,0,0,0,1,1,1,1,1,0,0,0,0,0,0,0,0,0,Ilmu Sastra dan Budaya
0,0,0,0,0,0,1,0,0,0,1,1,1,0,1,1,0,0,0,1,0,0,0,0,Ilmu Sastra dan Budaya
0,0,0,0,1,1,0,1,0,0,1,1,1,1,1,0,0,0,0,0,0,0,0,0,Ilmu Sastra dan Budaya
0,0,0,0,0,0,0,1,0,0,1,1,1,0,1,1,0,0,0,1,0,1,0,0,Ilmu Sastra dan Budaya
0,0,0,0,0,0,0,1,0,0,1,1,1,0,1,0,0,0,0,1,0,1,0,0,Ilmu Sastra dan Budaya
0,0,0,0,0,1,0,1,0,0,1,1,1,1,1,0,0,0,0,0,0,0,0,0,Ilmu Sastra dan Budaya
0,0,0,0,0,0,1,1,0,0,1,1,1,0,1,1,0,0,0,0,0,0,0,0,Ilmu Sastra dan Budaya
0,0,0,0,0,0,0,0,0,0,1,1,1,0,1,1,0,0,0,1,0,0,0,0,Ilmu Sastra dan Budaya
0,0,0,0,0,1,0,1,0,0,0,1,1,1,1,0,0,0,0,0,0,0,0,0,Ilmu Sastra dan Budaya
0,0,0,0,0,0,0,1,0,0,1,1,1,0,1,0,0,0,0,0,0,0,0,0,Ilmu Sastra dan Budaya
0,0,0,0,0,1,1,0,0,0,1,1,1,0,1,0,0,0,0,0,0,0,0,0,Ilmu Sastra dan Budaya
0,0,0,0,0,0,0,0,0,0,1,1,1,1,1,0,0,1,0,0,0,0,0,0,Ilmu Sastra dan Budaya
0,0,0,0,1,0,0,0,0,0,1,1,1,1,0,0,0,0,1,1,0,0,0,0,Ilmu Sastra dan Budaya
0,0,0,0,0,0,0,0,0,0,1,1,1,1,1,0,0,0,0,1,0,0,0,0,Ilmu Sastra dan Budaya
0,0,0,0,0,0,0,0,0,0,1,1,1,1,1,0,0,0,0,0,0,0,0,0,Ilmu Sastra dan Budaya
0,0,0,0,0,0,0,1,0,1,1,1,1,0,1,1,0,0,0,0,0,0,0,0,Ilmu Sastra dan Budaya
0,0,0,0,0,1,0,1,0,0,1,1,1,0,1,0,0,0,0,0,0,0,0,0,Ilmu Sastra dan Budaya
0,0,0,0,0,0,0,0,0,0,1,1,1,0,1,0,0,0,0,0,0,0,0,0,Ilmu Sastra dan Budaya
0,0,0,0,0,0,0,1,0,0,1,1,1,0,1,0,0,0,0,0,0,0,0,0,Ilmu Sastra dan Budaya
0,0,0,0,0,0,0,0,0,0,1,1,1,0,1,0,0,0,0,0,0,0,0,0,Ilmu Sastra dan Budaya
0,0,0,0,0,0,0,0,0,0,1,1,1,0,1,0,0,0,0,1,0,0,0,0,Ilmu Sastra dan Budaya
0,0,0,0,0,0,0,1,0,0,1,1,1,0,1,1,0,0,0,0,0,0,0,0,Ilmu Sastra dan Budaya
0,0,0,0,0,0,0,1,0,0,1,1,1,0,1,0,0,0,0,0,0,0,0,0,Ilmu Sastra dan Budaya
0,0,0,0,0,1,0,1,0,0,1,1,1,1,1,0,0,0,0,0,0,0,0,0,Ilmu Sastra dan Budaya
0,0,0,0,0,1,0,0,1,1,1,0,0,0,0,0,0,0,0,0,0,0,0,0,Ilmu Seni
0,0,0,0,1,1,0,1,1,1,1,0,0,0,0,0,0,0,0,0,0,0,0,0,Ilmu Seni
0,0,0,0,1,1,0,0,1,1,1,0,0,0,1,0,0,0,0,0,0,0,0,0,Ilmu Seni
0,0,0,0,1,1,1,0,1,1,1,0,0,0,1,0,0,0,0,0,0,0,0,0,Ilmu Seni
0,0,0,0,0,1,0,1,1,1,1,1,0,0,0,0,0,0,0,0,0,0,0,0,Ilmu Seni
0,0,0,0,1,1,0,1,1,1,1,0,0,0,1,0,0,0,0,1,0,0,0,0,Ilmu Seni
0,0,0,0,0,1,0,1,1,1,1,0,0,0,1,0,0,0,0,0,0,0,0,1,Ilmu Seni
0,0,0,0,0,1,0,1,1,1,1,1,1,0,0,0,0,0,0,0,1,0,0,0,Ilmu Seni
0,0,0,0,0,1,0,0,1,1,1,1,0,0,1,0,0,1,0,0,0,0,0,0,Ilmu Seni
0,0,0,0,0,1,0,1,1,1,1,1,0,1,0,0,1,1,0,0,0,0,0,0,Ilmu Seni
0,0,0,0,0,1,0,0,1,1,1,1,0,0,1,0,0,1,0,0,0,0,0,0,Ilmu Seni
0,0,0,0,0,1,0,1,1,1,1,1,0,0,1,0,0,1,0,0,0,0,0,0,Ilmu Seni
0,0,0,0,0,1,0,1,1,1,1,1,0,1,1,0,0,1,0,0,0,0,0,0,Ilmu Seni
0,0,0,0,0,1,0,1,1,1,1,0,0,1,1,0,0,1,0,0,0,0,0,0,Ilmu Seni
0,0,0,0,0,1,0,1,1,1,1,1,1,0,0,0,0,0,0,0,0,0,0,0,Ilmu Seni
0,0,0,0,0,1,0,1,1,1,1,1,1,0,1,0,0,0,0,0,0,0,0,0,Ilmu Seni
1,0,0,0,1,1,0,0,1,1,1,1,0,0,0,1,0,0,0,0,0,0,0,0,Ilmu Seni
0,0,0,0,0,1,0,0,1,1,1,1,0,0,1,0,0,0,1,0,0,0,0,0,Ilmu Seni
0,0,0,0,1,1,0,0,1,1,1,0,1,0,1,0,0,1,0,0,0,0,0,0,Ilmu Seni
0,0,0,0,1,1,0,0,1,1,1,0,0,1,0,0,1,1,0,0,0,0,0,0,Ilmu Seni
0,0,0,0,0,0,0,0,1,1,1,0,1,0,1,0,0,1,0,0,0,0,0,0,Ilmu Seni
0,0,0,0,0,1,0,0,1,1,1,1,0,0,1,0,0,1,0,0,0,0,0,0,Ilmu Seni
0,0,0,0,1,0,0,1,1,1,1,0,0,0,0,0,0,0,0,1,0,0,0,0,Ilmu Seni
0,0,0,0,0,1,0,1,1,1,1,0,1,0,1,0,0,1,0,0,0,0,0,0,Ilmu Seni
0,0,0,0,0,1,0,1,1,1,1,0,1,0,1,0,0,1,0,1,0,0,0,0,Ilmu Seni
0,0,0,0,0,1,0,0,1,1,1,1,0,1,1,0,0,1,0,1,0,0,0,0,Ilmu Seni
0,0,0,0,0,1,0,0,1,1,1,0,1,0,1,1,0,0,0,0,0,0,0,0,Ilmu Seni
0,0,0,0,0,1,0,1,1,1,1,0,0,1,1,0,0,0,1,1,0,0,0,0,Ilmu Seni
0,0,0,0,0,1,0,1,1,1,1,1,0,0,1,0,0,1,0,0,1,0,0,0,Ilmu Seni
0,0,0,0,0,1,0,0,1,1,1,1,0,0,0,1,1,0,0,0,0,1,0,0,Ilmu Seni
0,0,0,1,0,1,0,0,1,1,1,0,0,0,0,0,1,0,0,0,0,0,0,0,Ilmu Seni
0,0,0,1,0,1,1,0,1,1,1,0,0,0,0,0,1,0,0,0,0,0,0,0,Ilmu Seni
0,0,0,0,1,1,0,1,1,1,1,0,0,0,0,0,0,0,0,0,0,1,0,0,Ilmu Seni
0,0,0,0,1,1,0,1,1,1,1,0,0,0,0,0,1,0,0,0,0,0,0,0,Ilmu Seni
0,0,0,0,0,1,0,1,1,1,1,0,1,0,1,0,0,0,0,0,0,0,0,0,Ilmu Seni
1,0,0,0,1,1,0,1,1,1,1,0,0,0,0,0,0,0,0,0,0,0,0,0,Ilmu Seni
1,0,0,0,1,1,0,1,1,1,1,0,1,0,0,0,0,0,0,0,0,0,1,0,Ilmu Seni
0,0,0,1,0,1,1,0,1,1,1,0,0,0,0,0,1,0,0,0,0,0,1,0,Ilmu Seni
0,0,0,1,0,1,0,1,1,1,1,0,1,0,0,0,0,0,0,0,0,0,0,0,Ilmu Seni
1,0,0,0,0,1,0,0,1,1,1,0,0,0,1,0,1,0,0,0,0,0,0,0,Ilmu Seni
0,0,0,0,1,1,1,0,1,1,1,0,0,0,1,0,0,0,0,0,0,0,0,0,Ilmu Seni
0,0,0,0,1,1,1,0,1,1,1,0,0,0,0,0,0,0,0,0,1,0,0,0,Ilmu Seni
0,0,0,0,0,1,1,1,1,1,1,0,0,1,0,0,0,0,0,0,0,0,0,0,Ilmu Seni
0,0,0,0,1,1,1,0,1,1,1,0,0,0,0,1,0,0,0,0,0,0,1,0,Ilmu Seni
0,0,0,0,1,1,0,1,1,1,1,0,0,1,1,0,0,0,0,0,0,0,0,0,Ilmu Seni
0,0,0,0,0,1,0,1,1,1,1,0,0,1,1,0,0,0,0,0,0,0,1,0,Ilmu Seni
0,0,0,0,1,0,1,1,0,0,0,0,0,1,0,0,1,0,0,1,0,0,0,0,Ilmu Ekonomi dan Bisnis
0,0,0,0,0,1,1,1,0,0,0,0,0,1,0,0,1,0,0,1,0,0,0,0,Ilmu Ekonomi dan Bisnis
0,0,0,0,0,0,1,1,0,0,0,0,1,0,1,0,1,0,0,1,0,0,0,0,Ilmu Ekonomi dan Bisnis
0,0,0,0,1,1,1,1,0,0,0,0,0,0,0,1,1,0,0,1,0,0,0,0,Ilmu Ekonomi dan Bisnis
0,0,0,0,0,1,1,1,0,0,0,0,0,1,1,0,1,0,0,1,0,0,0,0,Ilmu Ekonomi dan Bisnis
0,0,0,1,0,0,1,1,0,1,0,0,0,0,0,1,1,0,0,1,0,0,0,0,Ilmu Ekonomi dan Bisnis
0,0,0,1,0,1,1,1,0,0,0,1,0,1,0,0,1,0,0,1,1,0,0,0,Ilmu Ekonomi dan Bisnis
0,0,0,0,1,0,1,1,0,0,0,0,1,1,0,0,1,1,0,1,0,0,0,0,Ilmu Ekonomi dan Bisnis
0,0,0,0,1,0,1,1,0,0,0,0,0,1,0,1,1,0,0,1,0,0,0,0,Ilmu Ekonomi dan Bisnis
0,0,0,0,0,1,1,1,0,0,0,0,0,1,0,1,1,0,0,1,0,0,0,0,Ilmu Ekonomi dan Bisnis
0,0,0,0,0,1,1,1,0,0,0,0,0,0,1,0,1,1,0,1,0,0,0,0,Ilmu Ekonomi dan Bisnis
0,0,0,0,1,0,1,1,0,0,0,0,0,0,1,0,1,1,0,1,0,0,0,0,Ilmu Ekonomi dan Bisnis
0,0,0,0,1,0,1,1,0,0,0,0,0,0,0,0,1,0,0,1,1,0,0,0,Ilmu Ekonomi dan Bisnis
0,0,0,0,0,1,1,1,0,0,0,0,1,0,0,1,1,0,0,1,0,1,0,0,Ilmu Ekonomi dan Bisnis
0,0,0,0,0,0,1,1,0,0,0,0,0,0,0,0,1,0,0,1,1,1,0,0,Ilmu Ekonomi dan Bisnis
0,0,0,1,0,0,1,1,0,0,0,0,0,0,0,0,1,0,0,1,1,1,0,0,Ilmu Ekonomi dan Bisnis
0,0,0,0,0,1,1,1,0,0,0,0,0,0,0,0,1,0,0,1,0,1,0,0,Ilmu Ekonomi dan Bisnis
0,0,0,1,0,0,1,1,0,0,0,0,0,0,0,0,1,0,0,1,1,0,0,0,Ilmu Ekonomi dan Bisnis
0,0,0,0,0,0,1,1,0,0,0,0,0,0,0,1,1,0,0,0,0,1,0,0,Ilmu Ekonomi dan Bisnis
0,0,0,0,0,0,1,1,0,0,0,0,0,0,0,0,1,0,0,1,0,0,0,1,Ilmu Ekonomi dan Bisnis
1,0,0,0,0,1,1,1,0,0,0,0,0,0,0,0,1,0,0,1,1,0,0,0,Ilmu Ekonomi dan Bisnis
0,0,0,0,0,1,1,1,0,0,0,0,0,1,0,0,1,0,0,1,1,0,0,0,Ilmu Ekonomi dan Bisnis
0,0,0,0,1,0,1,1,0,0,0,0,0,0,0,0,1,0,0,1,0,1,0,0,Ilmu Ekonomi dan Bisnis
0,0,0,0,1,0,1,1,0,0,1,0,0,0,0,0,1,0,0,1,0,0,0,0,Ilmu Ekonomi dan Bisnis
0,1,0,0,1,0,1,1,0,0,0,0,0,0,1,0,1,0,0,1,0,0,0,0,Ilmu Ekonomi dan Bisnis
0,0,0,0,1,0,1,1,0,0,0,0,0,0,0,0,1,1,0,1,0,0,0,0,Ilmu Ekonomi dan Bisnis
0,0,0,0,1,1,1,1,0,0,0,0,0,0,0,0,1,1,0,1,0,0,0,0,Ilmu Ekonomi dan Bisnis
0,0,0,0,0,1,1,1,0,0,0,0,0,0,0,0,1,0,0,1,1,0,0,0,Ilmu Ekonomi dan Bisnis
0,0,0,0,0,1,1,1,0,0,0,0,0,0,1,0,1,1,0,1,0,0,0,0,Ilmu Ekonomi dan Bisnis
0,0,0,0,0,0,1,1,0,0,0,0,1,0,1,1,1,0,0,1,0,0,0,0,Ilmu Ekonomi dan Bisnis
0,0,0,0,0,0,1,1,0,0,0,0,0,1,0,0,1,0,1,1,0,0,0,0,Ilmu Ekonomi dan Bisnis
0,0,0,0,1,0,1,1,0,0,0,0,0,1,0,1,1,0,0,1,0,0,0,0,Ilmu Ekonomi dan Bisnis
0,0,0,0,1,0,1,1,0,0,0,0,0,1,0,0,1,0,0,1,0,0,0,0,Ilmu Ekonomi dan Bisnis
0,0,0,0,0,0,1,1,0,1,0,0,0,0,0,1,1,0,0,1,0,0,0,1,Ilmu Ekonomi dan Bisnis
0,0,0,0,0,0,1,1,0,0,0,0,1,0,0,0,1,0,0,1,0,0,0,1,Ilmu Ekonomi dan Bisnis
0,0,0,0,0,1,1,1,0,0,0,0,0,1,0,0,1,0,0,1,1,0,0,1,Ilmu Ekonomi dan Bisnis
0,0,0,0,0,0,1,1,0,0,0,0,0,0,1,0,1,0,0,1,0,0,0,0,Ilmu Ekonomi dan Bisnis
0,0,0,0,1,0,1,1,0,0,0,0,0,0,1,1,1,0,0,1,0,0,0,0,Ilmu Ekonomi dan Bisnis
0,0,1,0,0,1,1,0,0,0,0,0,0,0,0,0,0,0,0,0,0,1,1,1,Ilmu Pertanian
0,0,0,0,1,1,0,0,0,0,0,0,0,1,0,1,0,0,0,0,0,0,0,0,Ilmu Kesehatan
0,0,0,0,1,1,0,0,0,0,0,0,0,1,0,1,0,0,0,0,0,0,0,0,Ilmu Kesehatan
0,0,0,0,1,1,0,0,0,0,0,0,0,1,0,1,0,0,0,0,0,0,0,0,Ilmu Kesehatan
0,0,0,0,1,0,0,0,0,0,0,0,0,1,0,1,0,0,0,0,0,0,0,0,Ilmu Kesehatan
0,0,0,0,1,1,0,0,0,0,0,0,0,1,0,1,0,0,0,1,0,0,0,0,Ilmu Kesehatan
0,0,0,0,1,1,0,0,0,0,0,0,0,1,0,1,0,0,0,0,0,0,0,0,Ilmu Kesehatan
0,0,0,0,1,1,0,0,0,0,0,0,0,1,0,1,0,0,0,0,0,0,0,0,Ilmu Kesehatan
1,0,0,1,0,0,1,1,0,0,0,0,0,0,0,1,0,0,0,0,0,0,1,0,Ilmu Kesehatan
1,1,1,1,0,0,1,0,0,0,0,1,1,0,0,1,0,0,0,0,1,1,1,0,Ilmu Kesehatan
1,0,0,0,1,1,0,0,0,0,0,0,0,1,0,1,0,0,0,0,0,0,0,0,Ilmu Kesehatan
0,0,0,0,0,0,1,0,1,1,1,1,1,0,1,0,1,1,1,0,1,0,1,1,Ilmu Seni
0,0,0,0,1,1,0,0,0,0,0,0,0,1,0,1,0,0,0,0,0,0,0,0,Ilmu Kesehatan
0,0,0,0,1,1,0,0,0,0,0,0,0,1,0,1,0,0,0,0,0,0,0,0,Ilmu Kesehatan
0,0,0,0,1,1,0,0,0,0,0,0,0,1,0,1,0,0,0,0,0,0,0,0,Ilmu Kesehatan
0,0,0,0,1,1,0,0,0,0,0,0,0,1,0,1,0,1,0,0,0,0,0,0,Ilmu Kesehatan
0,0,0,0,1,1,0,0,0,0,0,0,0,1,0,1,0,0,0,0,0,0,0,0,Ilmu Kesehatan
0,0,0,0,1,1,0,0,0,0,0,0,0,1,0,1,0,0,1,1,0,0,0,0,Ilmu Kesehatan
0,0,0,0,1,1,0,0,0,0,0,0,0,1,0,1,0,0,0,0,0,0,0,0,Ilmu Kesehatan
0,0,0,0,1,1,0,0,0,0,0,0,0,0,0,0,0,0,0,0,0,0,0,0,Ilmu Kesehatan
0,0,0,0,1,1,0,0,0,0,0,0,0,1,0,1,0,0,0,0,0,0,0,0,Ilmu Kesehatan
0,0,0,0,1,1,0,0,0,0,0,0,0,1,0,1,0,0,0,0,0,0,0,0,Ilmu Kesehatan
0,0,0,0,1,0,0,0,0,0,0,0,0,1,0,1,0,0,0,0,0,0,0,0,Ilmu Kesehatan
0,0,0,0,1,1,0,0,0,0,0,0,0,1,0,1,0,0,0,0,0,0,0,0,Ilmu Kesehatan
0,0,0,0,1,1,0,0,0,0,0,0,0,1,0,1,0,0,0,0,0,0,0,0,Ilmu Kesehatan
0,0,0,0,1,1,0,0,0,0,0,0,0,1,0,1,0,0,0,0,0,1,0,0,Ilmu Kesehatan
0,0,0,0,1,1,0,0,0,0,0,0,0,1,0,1,0,0,0,0,0,0,0,0,Ilmu Kesehatan
0,0,0,0,1,1,0,0,0,0,0,0,0,1,0,1,0,0,0,0,0,0,0,0,Ilmu Kesehatan
0,0,0,0,1,1,0,0,0,0,0,0,0,1,0,1,0,0,0,0,0,0,0,0,Ilmu Kesehatan
0,0,0,0,1,1,0,0,0,0,0,0,0,1,1,1,0,0,0,0,0,0,0,0,Ilmu Kesehatan
0,0,0,0,1,1,0,0,0,0,0,0,0,1,0,1,0,0,0,0,0,0,0,0,Ilmu Kesehatan
0,0,0,0,1,1,0,0,0,0,0,0,0,1,1,1,0,0,0,0,0,0,0,0,Ilmu Kesehatan
1,0,0,0,1,1,0,0,0,0,0,0,0,1,0,1,0,0,0,0,0,0,0,0,Ilmu Kesehatan
0,0,0,0,1,1,0,0,0,0,0,0,0,1,0,1,0,0,0,0,0,0,0,1,Ilmu Kesehatan
0,0,0,0,1,1,0,0,0,0,0,0,0,1,0,1,0,0,0,0,0,0,0,0,Ilmu Kesehatan
0,0,1,0,1,1,0,0,0,0,0,0,0,1,0,1,0,0,0,0,0,0,0,0,Ilmu Kesehatan
0,0,0,0,1,1,0,0,0,0,1,1,0,1,0,1,0,0,0,0,0,0,0,0,Ilmu Kesehatan
0,0,0,0,1,1,0,0,0,0,0,0,0,1,0,1,0,0,0,0,0,0,0,0,Ilmu Kesehatan
0,0,0,0,1,1,0,0,0,0,0,0,0,1,1,1,0,0,0,0,0,0,0,0,Ilmu Kesehatan
0,0,0,0,1,1,0,0,0,0,0,0,0,1,0,1,0,0,0,0,0,0,0,1,Ilmu Kesehatan
0,0,0,0,1,1,0,0,0,0,0,0,0,1,0,1,0,0,0,0,0,0,0,0,Ilmu Kesehatan
0,1,0,1,1,1,0,0,0,0,0,0,0,1,0,1,0,1,0,0,1,0,0,0,Ilmu Kesehatan
1,1,1,1,0,0,1,1,0,0,0,0,0,0,0,1,0,0,0,0,1,1,1,0,Ilmu Komputer dan Teknologi
0,0,1,0,0,0,1,0,0,0,0,0,1,0,0,1,1,0,0,0,0,1,0,1,Ilmu Pertanian
0,0,1,0,0,0,1,1,0,0,0,0,0,0,0,0,1,0,0,0,1,1,0,1,Ilmu Pertanian
0,0,0,0,1,1,0,0,0,0,0,0,0,1,0,1,0,0,0,0,0,0,0,0,Ilmu Kesehatan
0,0,0,0,1,1,0,0,0,0,0,0,0,1,0,1,0,0,0,0,0,0,0,0,Ilmu Kesehatan
0,0,0,0,1,1,0,0,0,0,0,0,0,1,0,1,0,0,0,0,0,0,0,0,Ilmu Kesehatan
0,0,0,0,1,1,0,0,0,0,0,0,0,1,0,1,0,0,0,0,0,0,0,0,Ilmu Kesehatan
0,0,0,0,1,1,0,0,0,0,0,0,0,1,0,1,0,0,0,0,0,0,0,0,Ilmu Kesehatan
0,0,0,0,1,1,0,0,0,0,0,0,0,1,0,1,0,0,0,0,0,0,0,0,Ilmu Kesehatan
0,0,0,0,1,1,0,0,0,0,0,0,0,1,0,1,0,0,0,0,0,0,0,0,Ilmu Kesehatan
0,0,0,0,1,1,0,0,0,0,0,0,0,1,0,1,0,0,0,0,0,0,0,0,Ilmu Kesehatan
0,0,1,0,0,1,1,0,0,1,0,0,0,0,0,0,0,0,0,0,1,1,0,1,Ilmu Pertanian
0,0,1,0,0,1,1,1,0,0,0,0,0,0,0,1,0,0,1,0,1,1,0,1,Ilmu Pertanian
0,0,1,0,1,0,1,0,0,0,0,0,0,0,0,1,1,0,1,0,0,1,0,1,Ilmu Pertanian
0,0,1,0,0,0,1,0,0,0,0,0,0,0,0,1,0,1,1,1,0,1,0,1,Ilmu Pertanian
0,0,1,0,1,1,1,1,0,0,0,0,0,0,0,1,0,0,0,0,1,1,0,1,Ilmu Pertanian
0,0,1,1,1,1,1,1,0,0,0,0,0,0,0,1,0,0,0,0,0,1,0,1,Ilmu Pertanian
0,0,1,0,1,1,1,1,0,1,0,0,0,0,0,0,0,0,0,0,0,1,0,1,Ilmu Pertanian
0,0,1,0,0,1,1,1,0,1,0,0,1,0,0,1,1,0,0,0,1,1,0,1,Ilmu Pertanian
0,0,1,0,0,1,1,1,0,0,0,0,0,1,0,1,1,0,0,0,0,1,0,1,Ilmu Pertanian
0,0,1,0,1,1,1,1,0,0,0,0,0,0,0,0,0,0,0,0,0,1,1,1,Ilmu Pertanian
0,0,1,0,1,1,1,1,0,0,0,0,0,0,0,0,0,0,0,0,0,1,0,1,Ilmu Pertanian
0,0,1,0,0,0,1,0,0,0,0,0,0,0,0,0,0,0,0,0,0,1,0,1,Ilmu Pertanian
0,0,1,0,0,0,1,0,0,0,0,0,0,0,0,0,0,0,0,0,0,1,0,1,Ilmu Pertanian
0,0,1,0,0,0,1,0,0,0,0,0,0,0,0,0,0,0,0,0,0,1,0,1,Ilmu Pertanian
0,0,1,0,0,0,1,1,0,0,0,0,0,0,0,1,0,0,0,0,0,1,0,1,Ilmu Pertanian
0,0,1,0,0,1,1,1,0,1,0,1,1,0,0,1,0,0,0,0,0,1,0,1,Ilmu Pertanian
0,0,1,0,0,0,1,1,0,0,0,0,1,1,1,1,0,0,0,0,1,1,0,1,Ilmu Pertanian
0,0,1,0,0,0,1,0,0,0,0,1,1,1,1,1,0,0,0,0,1,1,0,1,Ilmu Pertanian
0,0,1,0,0,0,1,0,0,0,0,0,0,0,0,0,0,0,0,0,0,1,0,1,Ilmu Pertanian
0,0,1,0,0,1,1,1,0,0,0,0,0,1,1,1,1,0,0,0,1,1,0,1,Ilmu Pertanian
0,0,1,1,1,1,1,1,0,0,0,0,0,0,0,1,0,0,0,0,1,1,0,1,Ilmu Pertanian
0,0,1,1,0,1,1,1,0,1,0,0,0,0,0,0,0,0,0,0,1,1,0,1,Ilmu Pertanian
0,0,1,1,0,0,1,1,0,1,0,0,0,1,0,1,0,0,0,1,0,1,0,1,Ilmu Pertanian
0,0,1,0,1,0,1,1,0,0,0,0,0,0,0,1,0,0,1,0,0,1,0,1,Ilmu Pertanian
1,0,1,0,0,1,1,0,0,0,0,0,0,1,0,0,1,0,0,0,0,1,0,1,Ilmu Pertanian
1,0,1,0,0,1,1,1,0,0,0,0,0,0,0,1,1,0,0,0,1,1,0,1,Ilmu Pertanian
1,0,1,0,0,1,1,1,0,1,0,0,0,0,0,0,0,0,0,0,0,1,0,1,Ilmu Pertanian
0,0,1,0,0,0,1,1,0,0,0,0,0,0,1,1,0,0,0,0,1,1,0,1,Ilmu Pertanian
0,0,1,0,1,0,1,1,0,0,0,0,0,0,0,1,0,0,0,0,1,1,0,1,Ilmu Pertanian
0,0,1,0,1,0,1,1,0,0,0,0,0,0,0,0,0,0,0,0,0,1,0,1,Ilmu Pertanian
0,0,1,0,0,0,1,1,0,0,0,0,0,0,0,1,1,0,0,0,1,1,0,1,Ilmu Pertanian
0,0,1,0,0,1,1,1,0,0,0,0,0,1,0,0,0,0,0,0,1,1,0,1,Ilmu Pertanian
0,0,1,0,1,0,1,1,0,0,0,0,0,0,0,0,1,0,0,0,0,1,0,1,Ilmu Pertanian
0,0,1,0,0,0,1,1,0,0,0,1,0,1,1,1,0,0,0,1,0,1,0,1,Ilmu Pertanian
0,0,1,0,0,0,1,1,0,0,0,1,0,1,1,1,0,0,0,1,0,1,0,1,Ilmu Pertanian
0,0,1,0,1,1,1,1,0,0,0,0,0,1,1,1,0,0,0,0,0,1,0,1,Ilmu Pertanian
0,0,1,0,0,1,1,1,0,0,0,0,0,0,0,1,0,0,0,0,1,1,0,1,Ilmu Pertanian
0,0,1,0,0,1,1,0,0,0,0,0,0,0,1,1,0,0,0,0,0,1,0,1,Ilmu Pertanian
0,0,1,0,1,0,1,0,0,0,0,0,0,0,0,1,0,0,0,0,1,1,0,1,Ilmu Pertanian
0,0,1,0,1,0,1,1,0,0,0,0,0,0,0,0,0,0,0,0,0,1,0,1,Ilmu Pertanian
0,0,1,0,0,1,1,1,0,0,0,0,0,0,0,0,0,0,0,0,0,1,0,1,Ilmu Pertanian
0,0,1,0,1,0,1,0,0,0,0,0,0,0,0,0,0,0,0,0,0,1,0,1,Ilmu Pertanian
0,0,1,0,0,1,1,0,0,0,0,0,0,1,0,1,0,0,0,0,1,1,0,1,Ilmu Pertanian
0,0,1,0,0,0,1,1,0,0,0,0,0,0,0,0,0,0,0,0,0,1,0,1,Ilmu Pertanian
0,0,1,0,0,0,1,1,0,0,0,0,0,0,0,1,0,0,0,0,0,1,0,1,Ilmu Pertanian
0,0,1,0,1,1,1,0,0,0,0,0,0,0,0,1,0,0,0,0,1,1,0,1,Ilmu Pertanian
0,0,0,0,1,0,0,0,0,0,0,0,0,1,0,0,0,0,1,0,1,0,0,0,Ilmu Profesi dan Ilmu Terapan
0,0,0,0,1,0,0,0,0,0,0,0,0,1,0,0,0,0,1,0,1,0,0,0,Ilmu Profesi dan Ilmu Terapan
0,0,0,0,1,0,0,0,0,0,0,0,0,1,0,0,0,0,1,0,1,0,0,0,Ilmu Profesi dan Ilmu Terapan
0,0,0,0,1,1,0,0,0,0,0,0,1,1,0,0,0,1,1,0,1,0,0,0,Ilmu Profesi dan Ilmu Terapan
0,0,0,0,1,1,0,1,0,0,0,0,0,1,0,1,0,0,1,0,1,0,1,0,Ilmu Profesi dan Ilmu Terapan
0,0,0,0,1,1,0,1,0,0,0,0,0,1,0,1,0,0,1,0,1,0,1,0,Ilmu Profesi dan Ilmu Terapan
0,0,0,0,1,0,0,1,0,0,0,0,0,1,0,1,0,0,1,0,1,0,1,0,Ilmu Profesi dan Ilmu Terapan
0,0,0,0,1,0,0,1,0,0,0,0,0,1,0,1,0,0,1,0,1,0,1,0,Ilmu Profesi dan Ilmu Terapan
0,0,0,0,1,1,0,1,0,0,0,0,1,1,0,0,0,0,1,0,1,0,1,0,Ilmu Profesi dan Ilmu Terapan
0,0,0,0,1,0,0,1,0,0,0,0,0,1,0,1,0,0,1,1,1,0,1,0,Ilmu Profesi dan Ilmu Terapan
0,0,0,0,1,1,0,1,0,0,0,0,0,1,0,1,0,1,1,0,1,0,1,0,Ilmu Profesi dan Ilmu Terapan
0,0,0,0,1,1,0,0,0,0,0,0,0,1,0,1,0,1,1,1,1,0,1,0,Ilmu Profesi dan Ilmu Terapan
0,0,0,0,1,0,0,1,0,0,0,0,0,1,1,1,0,0,1,1,1,0,1,0,Ilmu Profesi dan Ilmu Terapan
0,0,0,0,1,1,0,0,0,0,0,0,0,1,0,1,0,0,1,1,1,0,1,0,Ilmu Profesi dan Ilmu Terapan
0,0,0,0,1,1,0,1,0,0,0,0,0,1,1,0,0,1,1,1,1,0,1,0,Ilmu Profesi dan Ilmu Terapan
0,0,0,0,1,1,0,1,0,0,0,0,0,1,0,0,0,1,1,1,1,0,1,0,Ilmu Profesi dan Ilmu Terapan
0,0,0,0,1,1,0,1,0,0,0,0,0,1,1,1,0,1,1,1,1,0,1,0,Ilmu Profesi dan Ilmu Terapan
0,0,0,0,1,1,0,1,0,0,0,0,0,1,1,1,0,1,1,1,1,0,1,1,Ilmu Profesi dan Ilmu Terapan
0,0,0,0,1,0,0,1,0,0,0,0,0,1,0,1,0,1,1,1,1,0,0,0,Ilmu Profesi dan Ilmu Terapan
0,0,0,0,1,1,0,1,0,0,0,0,0,1,0,1,0,0,1,0,1,0,1,0,Ilmu Profesi dan Ilmu Terapan
0,0,0,0,1,1,0,1,0,0,0,0,0,1,0,1,0,0,1,1,1,0,1,1,Ilmu Profesi dan Ilmu Terapan
0,0,0,0,1,0,0,1,0,0,0,0,1,1,1,1,0,1,1,1,1,0,0,0,Ilmu Profesi dan Ilmu Terapan
0,0,0,0,1,0,0,1,0,0,0,0,0,1,1,1,0,1,1,0,1,0,0,0,Ilmu Profesi dan Ilmu Terapan
0,0,0,0,1,1,0,0,0,0,0,0,1,1,0,1,0,1,1,0,1,0,0,1,Ilmu Profesi dan Ilmu Terapan
0,0,0,0,1,0,0,1,0,0,0,0,1,1,0,1,0,1,1,0,1,1,0,0,Ilmu Profesi dan Ilmu Terapan
0,0,0,0,1,1,1,1,0,0,0,0,0,1,0,1,0,0,1,1,1,0,1,1,Ilmu Profesi dan Ilmu Terapan
0,0,0,0,1,0,0,1,0,0,0,0,0,1,1,1,0,1,1,0,1,0,0,0,Ilmu Profesi dan Ilmu Terapan
0,0,0,0,1,1,0,1,0,0,0,0,0,1,0,1,0,0,1,0,1,0,0,0,Ilmu Profesi dan Ilmu Terapan
0,0,0,0,1,1,0,0,0,0,0,0,0,1,0,1,0,0,1,0,1,1,1,0,Ilmu Profesi dan Ilmu Terapan
0,0,0,0,1,1,0,0,0,0,0,1,1,1,0,1,0,0,1,1,1,0,1,0,Ilmu Profesi dan Ilmu Terapan
0,0,0,0,1,1,1,0,0,0,0,0,0,1,0,1,0,0,1,0,1,0,1,0,Ilmu Profesi dan Ilmu Terapan
0,0,0,0,1,1,0,0,0,0,0,1,1,1,0,1,0,1,1,0,1,0,0,0,Ilmu Profesi dan Ilmu Terapan
0,0,0,0,1,1,1,1,0,0,0,0,0,1,0,1,0,0,1,0,1,0,0,0,Ilmu Profesi dan Ilmu Terapan
0,0,0,0,1,0,0,1,0,0,0,0,1,1,0,0,0,1,1,0,1,0,0,0,Ilmu Profesi dan Ilmu Terapan
0,0,0,0,1,1,0,1,0,0,0,0,0,1,1,1,0,0,1,1,1,0,1,0,Ilmu Profesi dan Ilmu Terapan
0,0,0,0,1,0,0,1,0,0,0,0,0,1,0,1,0,0,1,1,1,0,1,1,Ilmu Profesi dan Ilmu Terapan
0,0,0,0,1,1,0,1,0,0,0,0,1,1,0,1,0,1,1,0,1,0,0,0,Ilmu Profesi dan Ilmu Terapan
0,0,0,0,1,0,0,1,0,0,0,0,1,1,0,1,0,1,1,0,1,0,0,0,Ilmu Profesi dan Ilmu Terapan
0,0,0,0,1,0,1,1,0,0,0,0,0,1,0,1,0,0,1,0,1,0,1,0,Ilmu Profesi dan Ilmu Terapan
0,0,0,0,1,0,0,1,0,0,0,0,1,1,1,1,0,1,1,0,1,0,0,0,Ilmu Profesi dan Ilmu Terapan
0,0,0,0,1,1,1,1,0,0,0,0,0,1,0,1,0,0,1,0,1,0,1,0,Ilmu Profesi dan Ilmu Terapan
0,0,0,0,1,1,1,1,0,0,0,0,0,1,1,1,0,0,1,0,1,0,1,0,Ilmu Profesi dan Ilmu Terapan
0,0,0,1,1,1,0,0,0,0,0,0,0,1,0,1,1,0,1,0,1,0,1,0,Ilmu Profesi dan Ilmu Terapan
0,0,0,1,1,1,0,0,0,0,0,0,0,1,0,1,0,0,1,0,1,0,1,0,Ilmu Profesi dan Ilmu Terapan
0,0,0,1,1,1,0,1,0,0,0,0,0,1,0,1,0,0,1,0,1,0,1,0,Ilmu Profesi dan Ilmu Terapan
0,0,0,1,1,1,0,0,0,0,0,0,0,1,0,1,0,0,1,0,1,0,1,0,Ilmu Profesi dan Ilmu Terapan
0,0,0,1,1,0,0,0,0,0,0,0,0,1,0,1,0,0,1,0,1,0,1,0,Ilmu Profesi dan Ilmu Terapan
0,0,0,1,1,1,0,1,0,0,0,0,0,1,0,1,0,0,1,0,1,1,1,0,Ilmu Profesi dan Ilmu Terapan
0,0,0,1,1,1,0,1,0,0,0,0,0,1,0,1,0,0,1,0,1,1,1,0,Ilmu Profesi dan Ilmu Terapan
0,0,0,0,1,1,0,1,0,0,0,0,0,0,1,1,0,0,0,0,1,1,0,0,Ilmu Sosial dan Humaniora
0,0,0,0,1,1,0,1,0,0,0,0,0,0,1,1,0,0,0,0,1,1,0,0,Ilmu Sosial dan Humaniora
0,0,0,0,1,1,0,1,0,0,0,0,0,0,1,1,0,0,0,0,1,1,0,0,Ilmu Sosial dan Humaniora
0,0,0,0,1,1,0,1,0,0,0,0,0,0,1,1,0,0,0,0,1,1,0,0,Ilmu Sosial dan Humaniora
0,0,0,0,1,1,0,1,0,0,0,0,0,0,1,1,0,0,0,0,1,1,0,0,Ilmu Sosial dan Humaniora
0,0,0,0,1,1,0,1,0,0,0,0,0,0,1,1,0,0,0,0,1,1,0,0,Ilmu Sosial dan Humaniora
0,0,0,0,1,1,0,1,0,0,0,0,0,0,1,1,0,0,0,0,1,1,0,0,Ilmu Sosial dan Humaniora
0,0,0,0,1,1,0,1,0,0,0,0,0,0,1,1,0,0,0,0,1,1,0,0,Ilmu Sosial dan Humaniora
0,0,0,0,1,1,0,1,0,0,0,0,0,0,1,1,0,0,0,0,1,1,0,0,Ilmu Sosial dan Humaniora
0,0,0,0,1,1,0,1,0,0,0,0,0,1,1,1,0,1,0,0,1,0,0,0,Ilmu Sosial dan Humaniora
0,0,0,0,1,1,0,1,0,0,0,0,0,0,1,1,0,1,0,0,1,0,0,0,Ilmu Sosial dan Humaniora
0,0,0,0,1,1,0,1,0,0,0,0,0,0,1,1,0,0,1,0,1,0,0,0,Ilmu Sosial dan Humaniora
0,0,0,0,1,1,0,1,0,0,0,0,1,1,1,1,0,0,0,1,0,0,0,1,Ilmu Sosial dan Humaniora
0,0,0,0,1,1,0,1,0,0,0,0,1,1,1,1,0,0,0,1,0,0,0,1,Ilmu Sosial dan Humaniora
0,0,0,0,1,1,0,1,0,0,0,0,1,1,1,1,0,0,0,1,0,0,0,1,Ilmu Sosial dan Humaniora
0,0,0,0,1,1,0,1,0,0,0,0,1,1,1,1,0,0,0,1,0,0,0,1,Ilmu Sosial dan Humaniora
0,0,0,0,1,1,0,1,0,0,0,0,1,1,1,1,0,0,0,1,0,1,0,0,Ilmu Sosial dan Humaniora
0,0,0,0,1,1,0,1,0,0,0,0,1,1,1,1,0,0,0,1,0,1,0,0,Ilmu Sosial dan Humaniora
0,0,0,0,1,1,0,1,0,0,0,1,1,1,1,1,0,0,0,1,0,0,0,0,Ilmu Sosial dan Humaniora
0,0,0,0,1,1,0,1,0,0,0,1,1,1,1,1,0,0,0,1,0,0,0,0,Ilmu Sosial dan Humaniora
0,0,0,0,1,1,0,1,0,0,0,0,1,1,1,1,0,0,0,1,0,0,0,0,Ilmu Sosial dan Humaniora
0,0,0,0,1,1,0,1,0,0,0,0,1,1,1,1,0,0,0,1,0,0,0,0,Ilmu Sosial dan Humaniora
0,0,0,0,1,1,0,1,0,0,0,1,1,1,1,1,0,0,0,1,0,0,0,0,Ilmu Sosial dan Humaniora
0,0,0,0,1,1,0,1,0,0,0,1,1,1,1,1,0,0,0,1,0,0,0,0,Ilmu Sosial dan Humaniora
0,0,0,0,1,1,0,1,0,0,0,1,1,1,1,1,0,0,0,1,0,0,0,0,Ilmu Sosial dan Humaniora
0,0,0,0,1,1,0,1,0,0,0,1,1,1,1,1,0,0,0,1,0,1,0,0,Ilmu Sosial dan Humaniora
0,0,0,0,1,1,0,1,0,0,0,1,1,1,1,1,0,0,0,1,0,0,0,1,Ilmu Sosial dan Humaniora
0,0,0,0,1,1,0,1,0,0,0,1,1,1,1,1,0,0,0,1,0,0,0,1,Ilmu Sosial dan Humaniora
0,0,0,0,1,1,0,1,0,0,0,1,1,1,1,1,0,0,0,1,0,1,0,0,Ilmu Sosial dan Humaniora
0,0,0,0,1,1,0,1,0,0,0,1,1,1,1,1,0,0,0,1,0,1,0,0,Ilmu Sosial dan Humaniora
0,0,0,0,1,1,0,1,0,0,0,1,1,1,1,1,0,0,0,1,0,0,0,0,Ilmu Sosial dan Humaniora
0,0,0,0,1,1,0,1,0,0,0,1,1,1,1,1,0,0,0,1,0,1,0,0,Ilmu Sosial dan Humaniora
0,0,0,0,1,1,0,1,0,0,0,1,0,1,1,1,0,1,0,0,1,0,0,0,Ilmu Sosial dan Humaniora
0,0,0,0,1,1,0,1,0,0,0,1,0,1,1,1,0,1,0,0,1,0,0,0,Ilmu Sosial dan Humaniora
0,0,0,0,1,1,0,1,0,0,0,1,0,1,1,1,0,1,0,0,1,0,0,1,Ilmu Sosial dan Humaniora
0,0,0,0,1,1,0,1,0,0,0,1,0,1,1,1,0,1,0,0,1,0,0,1,Ilmu Sosial dan Humaniora
0,0,0,0,1,1,0,1,0,0,0,1,0,1,1,1,0,1,0,0,1,1,0,0,Ilmu Sosial dan Humaniora
0,0,0,0,1,1,0,1,0,0,0,1,0,1,1,1,0,1,0,0,1,1,0,0,Ilmu Sosial dan Humaniora
0,0,0,0,1,1,0,1,0,0,0,1,0,1,1,1,0,1,0,0,1,0,0,1,Ilmu Sosial dan Humaniora
0,0,0,0,1,1,0,1,0,0,0,1,0,1,1,1,0,1,0,0,1,0,0,0,Ilmu Sosial dan Humaniora
0,0,0,0,1,1,0,1,0,0,0,1,0,1,1,1,0,1,0,0,1,0,0,1,Ilmu Sosial dan Humaniora
0,0,0,0,1,1,0,1,0,0,0,1,0,1,1,1,0,1,0,0,1,1,0,0,Ilmu Sosial dan Humaniora
